model,accuracy,precision,recall,f1,roc_auc
Logistic Regression,0.9452654625068418,0.8401826484018264,0.40979955456570155,0.5508982035928144,0.8595416948456384
Naive Bayes,0.9171683999270206,0.4,0.022271714922048998,0.04219409282700422,0.8674748867824984
