metric,human_mean,human_std,ai_mean,ai_std
word_count,103.8336610302792,31.7150387292136,91.1414293729836,34.09064286722649
word_count_no_stop,98.23043649233189,30.14587510887771,86.18957778089494,32.39770566520887
avg_word_length,5.510633654779477,0.316389684506901,5.692439685709946,0.3009625934489264
sentence_count,3.1915060951631933,2.005277903327461,4.814490110814981,1.799552350342746
ttr,0.8378513916440253,0.07681246198015174,0.7992265316653504,0.08612146627627656
punct_count,3.7365316555249706,2.5925418213933176,4.977907139851312,2.041942131790503
stopword_ratio,0.054115740539062485,0.02561479683338231,0.05450992415997459,0.024017639151807418
