model,accuracy,precision,recall,f1,roc_auc
Random Forest,0.9385148695493523,0.6555555555555556,0.5256124721603563,0.5834363411619283,0.8500284150257947
SVM (RBF),0.945995256340084,0.7931034482758621,0.4610244988864143,0.5830985915492958,0.8783279217905184
Logistic Regression,0.9452654625068418,0.8401826484018264,0.40979955456570155,0.5508982035928144,0.8595416948456384
